"Ceará goleia por 4 a 1 e mantém Vasco na zona de rebaixamento ","<span class=""comentariosContainer""></span>"
"Grêmio faz 2 a 1 no Goiás e reduz vantagem dos líderes ","<span class=""comentariosContainer""></span>"
"Claudia Rodrigues é internada em estado grave em São Paulo ","<span class=""comentariosContainer""></span>"
"Borat de 'Amor & Sexo' diz que socorria vítima quando foi baleado ","<span class=""comentariosContainer""></span>"
"Marieta Severo tem diagnóstico positivo para covid-19 ","<span class=""comentariosContainer""></span>"
"O prepúcio do meu pênis não rompeu: ","<br> eu tenho fimose? <span class=""comentariosContainer""></span></br>"
"Astrônomo rastreia possível fonte de sinal que veio do espaço ","<span class=""comentariosContainer""></span>"
"Volkswagen vai lançar compacto ID.2 antes do prazo previsto ","<span class=""comentariosContainer""></span>"
"'Nossa! Ele tem 3 anos e ainda mama? Sai leite? Vai ficar viciado?' ","<span class=""comentariosContainer""></span>"
"Os polêmicos testes ","<br> de virgindade e kits <br> de 'reparo de hímen' <span class=""comentariosContainer""></span></br></br>"
"Filha de Paul Walker relembra 7 anos da morte do ator: 'Meu melhor amigo' ","<span class=""comentariosContainer""></span>"
"Jornal: Homem morre em padaria no Rio, que segue aberta até corpo ser recolhido ","<span class=""comentariosContainer""></span>"
"Monólito nos EUA pode ser obra surpresa de escultor minimalista ","<span class=""comentariosContainer""></span>"
"Tratamento precoce com hidroxicloroquina não evitou mortes em Porto Feliz ","<span class=""comentariosContainer""></span>"
"Cid Moreira lança rádio web e vislumbra: 'Eu vou chegar aos 140' ","<span class=""comentariosContainer""></span>"
"Moro virou candidato... a um bom saldo bancário ","<span class=""comentariosContainer""></span>"
"Quantas mortes terá custado a demora de SP? ","<span class=""comentariosContainer""></span>"
"Urnas derrotam governo, mas bolsonarismo resiste ","<span class=""comentariosContainer""></span>"
"Enfraquecimento do PT enfraquece o bolsonarismo ","<span class=""comentariosContainer""></span>"
"E agora, Covas-Nunes? ","<span class=""comentariosContainer""></span>"
"Política aterrisou no marketing e elegeu Rousseau patrono ","<span class=""comentariosContainer""></span>"
"A urgência da luta antirracista ","<span class=""comentariosContainer""></span>"
"A história do ossário clandestino das vítimas da ditadura ","<span class=""comentariosContainer""></span>"
"Como Maradona e o povo argentino me salvaram em travessia de bike ","<span class=""comentariosContainer""></span>"
"'Mãe, eu tô com medo' ","<span class=""comentariosContainer""></span>"
"Você está no mudo! Liberdade para o Zoom ","<span class=""comentariosContainer""></span>"
"Os mata-matas dessa semana, e o futuro do Brasileiro-20 ","<span class=""comentariosContainer""></span>"
"As multifunções do Palmeiras de Abel Ferreira ","<span class=""comentariosContainer""></span>"
"Árbitro que puniu Messi é o burrocrata da década ","<span class=""comentariosContainer""></span>"
"No banco, fazendo 'prova de vida' ","<span class=""comentariosContainer""></span>"
"Vidas negras na mesa de negociação ","<span class=""comentariosContainer""></span>"
"Fim do Moro candidato. Chega de forças-tarefa! ","<span class=""comentariosContainer""></span>"
"As histórias das galáxias ","<span class=""comentariosContainer""></span>"
"Corretamente político ","<span class=""comentariosContainer""></span>"
"Equidistância polìtica ","<span class=""comentariosContainer""></span>"
"PGBL, benefício fiscal para poucos ","<span class=""comentariosContainer""></span>"
"Na campanha eleitoral, educação foi sacrificada no altar do consumo ","<span class=""comentariosContainer""></span>"
"Não é preciso cortar o pão para emagrecer ","<span class=""comentariosContainer""></span>"
"iPhone 12 mini me lembrou o uso de modelos menores ","<span class=""comentariosContainer""></span>"
"Andressa Reis fala sobre classe e criação com afeto ","<span class=""comentariosContainer""></span>"
"Arnaldo: 'VAR anularia o gol mais bonito da história das Copas por falta' ","<span class=""comentariosContainer""></span>"
"CAOScast no Festival Path: já podemos aceitar que o millennial envelheceu? ","<span class=""comentariosContainer""></span>"
"Você realmente sabe fazer arroz? O passo a passo para nunca errar ","<span class=""comentariosContainer""></span>"
"Marinheiro é achado agarrado a barco a 138 km da costa da Flórida ","<span class=""comentariosContainer""></span>"
